{
    "age": 32,
    "region": {
        "x": 0,
        "y": 0,
        "w": 1280,
        "h": 720
    },
    "gender": "Man",
    "race": {
        "asian": 0.22400178884725505,
        "indian": 1.2476449644651988,
        "black": 70.00189840804926,
        "white": 17.120785541581245,
        "middle eastern": 5.01555048021975,
        "latino hispanic": 6.390120469934969
    },
    "dominant_race": "black",
    "emotion": {
        "angry": 3.6900355072423154e-13,
        "disgust": 1.5663579811757882e-26,
        "fear": 0.9096034802496433,
        "happy": 1.264149562807404e-07,
        "sad": 1.3064278825414277e-09,
        "surprise": 75.96830129623413,
        "neutral": 23.122094571590424
    },
    "dominant_emotion": "surprise"
}