{
    "age": 28,
    "region": {
        "x": 316,
        "y": 544,
        "w": 67,
        "h": 67
    },
    "gender": "Man",
    "race": {
        "asian": 1.4877192676067352,
        "indian": 0.5705820396542549,
        "black": 0.08717312593944371,
        "white": 79.6682596206665,
        "middle eastern": 9.884776175022125,
        "latino hispanic": 8.301488310098648
    },
    "dominant_race": "white",
    "emotion": {
        "angry": 44.4679078142588,
        "disgust": 0.3308397682139139,
        "fear": 1.6480875252537444,
        "happy": 0.16309347510149927,
        "sad": 41.099810069788106,
        "surprise": 0.043937179434094094,
        "neutral": 12.246330067296627
    },
    "dominant_emotion": "angry"
}